{
  "n_matched_pairs": 43,
  "mean_phi": 0.8737082395774085,
  "pairs_by_lang": {
    "pascal|python": 0.7496428394648135,
    "pascal|rust": 1.0,
    "python|rust": 0.9030548193730599
  }
}